sample,gsm,patient,group,age,sex,fuhrman_grade
N001,GSM12075,001,Normal,58,Male,
N005,GSM12098,005,Normal,64,Male,
N023,GSM11823,023,Normal,72,Female,
N035,GSM11805,035,Normal,70,Female,
N1,GSM12268,1,Normal,51,Male,
N2,GSM12283,2,Normal,67,Male,
N3,GSM12300,3,Normal,50,Male,
N4,GSM12444,4,Normal,65,Male,
C001,GSM12067,001,Tumour,58,Male,1.0
C005,GSM12079,005,Tumour,64,Male,1.0
C011,GSM12100,011,Tumour,55,Male,3.0
C023,GSM11830,023,Tumour,72,Female,1.0
C032,GSM12105,032,Tumour,65,Female,3.0
C035,GSM11814,035,Tumour,70,Female,3.0
C2,GSM12270,2,Tumour,67,Male,2.0
C3,GSM12298,3,Tumour,50,Male,2.0
C4,GSM12399,4,Tumour,65,Male,1.0
